pct_networth_africa,pct_NAmerica,pct_networth_asia,pct_networth_europe,pct_networth_SAmerica,pct_networth_oceania,total_networth
0.7433203834054751,40.30767714433557,30.894202101009437,24.447437803385597,1.995876830580447,1.6114857372834717,12175.1
